{
    "2GO": 45.019999999999996,
    "ABA": 2.3920000000000017,
    "ABG": 46.659389416553594,
    "AC": 1538.1264957264957,
    "ACEN": 2.170000000000001,
    "ACEX": 10.950000000000006,
    "AEV": 99.2409090909091,
    "AGI": 46.329999999999984,
    "ALCO": 2.0549999999999997,
    "ALI": 91.38999999999992,
    "ALLHC": 2.2295918367346914,
    "ANI": 35.05673521850899,
    "AP": 60.29624060150371,
    "APC": 16.32508771929826,
    "APX": 8.582340425531935,
    "ATN": 5.940207547169812,
    "AXLM": 2.5700000000000003,
    "BCOR": 100.61,
    "BDO": 207.35876288659804,
    "BLOOM": 39.42582441113492,
    "BPI": 150.3,
    "BRN": 22.689999999999984,
    "C": 18.117605633802828,
    "CEB": 102.15124740124739,
    "CHP": 5.010000000000005,
    "CIC": 56.900000000000034,
    "CNPF": 44.387407407407416,
    "COSCO": 20.504252873563217,
    "CPG": 1.9649999999999999,
    "CPM": 4.6049999999999995,
    "DD": 73.49000000000002,
    "DITO": 7.91272727272727,
    "DMC": 100.30953488372093,
    "DNL": 16.464464944649457,
    "EAGLE": 27.24666666666665,
    "ECP": 102.42857142857143,
    "EEI": 28.238888888888887,
    "EMP": 4.917493734335842,
    "EW": 38.06,
    "FB": 3627.0611111111098,
    "FGEN": 79.46729729729726,
    "FLI": 4.11526881720429,
    "FNI": 8.359411764705886,
    "FOOD": 2.09,
    "FRUIT": 2.0192198581560286,
    "GERI": 22.915522388059703,
    "GLO": 3961.554054054054,
    "GTCAP": 1747.3000000000002,
    "HLCM": 31.344216027874577,
    "HOME": 1.8600000000000003,
    "HOUSE": 9.190000000000001,
    "ICT": 217.09910714285715,
    "IDC": 20.71,
    "IMI": 27.4,
    "ION": 5.959999999999997,
    "IRC": 5.262512195121953,
    "JFC": 407.9,
    "JGS": 92.22608695652175,
    "KPPI": 9.94,
    "LPZ": 12.309999999999997,
    "LR": 20.463422818791944,
    "LTG": 36.92324324324323,
    "MAC": 20.098965517241368,
    "MAH": 6.070000000000002,
    "MAHB": 5.110000000000001,
    "MAXS": 31.14000000000001,
    "MBT": 162.55000000000004,
    "MEG": 7.007297297297308,
    "MER": 826.4000000000001,
    "MHC": 17.699891304347826,
    "MPI": 0.7084615384615245,
    "MRC": 29.761000000000006,
    "MRSGI": 14.689447852760747,
    "MWC": 42.9655172413793,
    "MWIDE": 35.20310177705977,
    "NIKL": 54.75,
    "NOW": 32.879999999999995,
    "ORE": 10.785101010101016,
    "PCOR": 33.79688741721854,
    "PGOLD": 90.00999999999999,
    "PHA": 0.9149999999999998,
    "PHES": 1.5919999999999996,
    "PIP": 6.299999999999998,
    "PIZZA": 37.97019607843139,
    "PLC": 2.932903225806453,
    "PNB": 162.5970334412081,
    "PNX": 22.550000000000004,
    "PRMX": 16.699999999999996,
    "PX": 59.768947368421045,
    "PXP": 67.18583333333332,
    "RCB": 85.41923076923072,
    "RLC": 59.88803278688529,
    "RRHI": 133.78013013013006,
    "RWM": 2.8995412844036634,
    "SCC": 392.3999999999998,
    "SECB": 409.0000000000002,
    "SHLPH": 20.54999999999999,
    "SLI": 2.580000000000001,
    "SM": 2213.3663003663005,
    "SMC": 229.14999999999998,
    "SMPH": 51.446902356902356,
    "SSI": 7.5799999999999965,
    "STI": 0.9649999999999999,
    "STR": 58.76512820512818,
    "TBGI": 6.008536082474242,
    "TECH": 35.769999999999996,
    "TEL": 5023.114205004035,
    "TUGS": 6.0000000000000036,
    "UBP": 164.40000000000003,
    "URC": 267.3000000000001,
    "VITA": 4.219999999999999,
    "VLL": 10.839999999999998,
    "VUL": 1.3314492753623308,
    "WIN": 5.703273743016764,
    "WLCON": 16.630000000000003,
    "WPI": 0.5600000000000004,
    "X": 16.210000000000015,
    "^ALLSHARES": 5538.706124109897,
    "^FINANCIAL": 2008.5387913555014,
    "^HOLDING": 14898.560981370023,
    "^INDUSTRIAL": 10427.78309119176,
    "^MINING-OIL": 22319.452661366966,
    "^PROPERTY": 5334.460000000002,
    "^PSEi": 9994.364302396963,
    "^SERVICE": 2795.7131535785525
}