{"ABS": -6.449999999999978, "AC": 892.8621082621084, "ACEN": 0.6499999999999995, "AEV": 26.6554919908467, "AGI": 63.59666666666669, "ALI": 25.219999999999995, "ALLHC": 0.044858657243813216, "AP": 32.010000000000005, "APX": -3.55, "AXLM": -0.35999999999999965, "BDO": 49.62857142857151, "BLOOM": 25.74121951219511, "BPI": 11.549999999999969, "C": 4.177118644067784, "CEB": -74.90156889495232, "CHP": 70.60808988764045, "CNPF": 1.1281818181818215, "DITO": 4.4670000000000005, "DMC": 53.874352617079865, "DNL": 42.59140350877194, "EAGLE": -1.799999999999998, "EEI": 15.873631284916215, "EMP": -1.0099999999999971, "EW": -8.701967213114784, "FB": -425.33614363778287, "FGEN": 29.700000000000014, "FNI": 22.109819819819812, "FRUIT": 4.794745762711869, "GLO": 1658.0, "GREEN": 1.4174000000000013, "GTCAP": -154.70743629745192, "HLCM": 16.489344262295088, "HOME": 13.440169491525417, "ICT": 50.75254237288131, "IDC": 10.64370656370657, "IMI": 5.470861759425494, "IRC": 0.5199999999999992, "JFC": 326.59247226624404, "JGS": 36.07000000000004, "LTG": 65.48658142664873, "MAC": 29.96727272727272, "MBT": 41.91387832699618, "MEG": 4.838929765886284, "MER": 140.3134969325152, "MM": 0.8500000000000001, "MPI": 22.182499999999983, "MWC": 12.222467532467533, "MWIDE": -3.508979591836732, "NIKL": -16.05112359550564, "NOW": 0.8674634655532273, "PCOR": 8.450264900662253, "PGOLD": 36.038674698795184, "PNB": 64.17538538538543, "PX": -11.532857142857136, "PXP": 5.039999999999996, "RLC": 26.78700416088766, "SCC": 193.94592964824105, "SECB": 32.1087651598677, "SHLPH": -38.117837837837804, "SM": 443.20000000000005, "SMC": 134.59999999999997, "SMPH": 46.16999999999999, "SSI": 25.82533980582525, "TECH": -21.261860465116293, "TEL": 861.0727699530516, "URC": 137.88283582089548, "VLL": 18.5182191780822, "WLCON": 11.360547588005218}